{"cameraMode":{"drawMode":0,"name":"Shaded","section":"Shading Mode"},"sceneLighting":true,"audioPlay":false,"sceneViewState":{"m_AlwaysRefresh":false,"showFog":false,"showSkybox":false,"showFlares":false,"showImageEffects":false,"showParticleSystems":false,"showVisualEffectGraphs":true,"m_FxEnabled":true},"in2DMode":false,"pivot":{"x":-0.38775694370269778,"y":-1.4881782531738282,"z":-2.4785871505737306},"rotation":{"x":0.21724793314933778,"y":0.00732066435739398,"z":-0.0016290637431666256,"w":0.97608882188797},"size":5.450316429138184,"orthographic":false}