{"cameraMode":{"drawMode":0,"name":"Shaded","section":"Shading Mode"},"sceneLighting":true,"audioPlay":false,"sceneViewState":{"m_AlwaysRefresh":false,"showFog":false,"showSkybox":false,"showFlares":false,"showImageEffects":false,"showParticleSystems":false,"showVisualEffectGraphs":true,"m_FxEnabled":true},"in2DMode":false,"pivot":{"x":2.8687663078308107,"y":2.8156485557556154,"z":35.23440170288086},"rotation":{"x":0.010499441996216774,"y":0.01049809716641903,"z":-0.0001083239694708027,"w":0.9999002814292908},"size":28.56167221069336,"orthographic":false}