{"cameraMode":{"drawMode":0,"name":"Shaded","section":"Shading Mode"},"sceneLighting":true,"audioPlay":false,"sceneViewState":{"m_AlwaysRefresh":false,"showFog":false,"showSkybox":false,"showFlares":false,"showImageEffects":false,"showParticleSystems":false,"showVisualEffectGraphs":true,"m_FxEnabled":true},"in2DMode":false,"pivot":{"x":0.29697832465171816,"y":1.3897356986999512,"z":-3.843609094619751},"rotation":{"x":0.0014998263213783503,"y":-0.004502738825976849,"z":0.000007682917384954635,"w":1.0000009536743165},"size":5.2231669425964359,"orthographic":false}