{"cameraMode":{"drawMode":0,"name":"Shaded","section":"Shading Mode"},"sceneLighting":true,"audioPlay":false,"sceneViewState":{"m_AlwaysRefresh":false,"showFog":false,"showSkybox":false,"showFlares":false,"showImageEffects":false,"showParticleSystems":false,"showVisualEffectGraphs":true,"m_FxEnabled":true},"in2DMode":false,"pivot":{"x":1.9624216556549073,"y":-6.6329193115234379,"z":9.293266296386719},"rotation":{"x":0.17882497608661652,"y":0.04720592498779297,"z":-0.008589680306613446,"w":0.9827185273170471},"size":10.307988166809082,"orthographic":false}